Proj,Ample,Anderberg,ArithmeticMean,Barinel,Dice,DStar,Euclid,Fagge,Fleiss,GeometricMean,Goodman,Gp13,Hamann,Hamming,HarmonicMean,Jaccard,Kulczynski1,Kulczynski2,M1,M2,McCon,Minus,Muse,Naish1,Naish2,Ochiai,Ochiai2,Overlap,Qe,RogersTanimoto,Rogot1,Rogot2,RussellRao,Scott,SimpleMatching,Sokal,SorensenDice,Tarantula,Wong1,Wong2,Wong3,Zoltar,null,
Chart_1, 1,1,1,1,1,1,1,1,2874,1,1,1,1,1,1,1,1,1,1,1,1,1,1,-,1,1,1,1,1,1,1,1,1,2591,1,1,1,1,1,1,1,1,1,
Chart_2, 55,27,27,21,27,27,101,55,5007,27,-,55,101,101,50,27,27,55,101,55,-,55,55,9125,55,27,26,27,21,101,26,50,55,3699,101,101,27,21,55,-,-,55,27,
Chart_3, 1,1,1,1,1,1,81,1,5482,1,-,1,81,81,1,1,1,1,81,1,1,1,1,1749,1,1,1,1,1,81,1,1,1,3464,81,81,1,1,1,-,-,1,1,
Chart_4, 1,1,1,1,1,1,1,1,830,1,1,1,1,1,1,1,1,1,1,1,1,1,1,17150,1,1,1,130,1,1,1,1,1,820,1,1,1,1,1,1,1,1,1,
Chart_5, 1,1,1,1,1,1,1,1,5385,1,1,1,1,1,1,1,1,1,1,1,1,1,1,3067,1,1,1,1,1,1,1,1,1,3020,1,1,1,1,1,-,-,1,1,
Chart_6, 5,81,68,81,81,81,21902,5,67,49,-,5,21902,21902,17,81,81,15,21902,5,15,5,5,-,5,49,81,49,81,21902,21727,17,5,67,21902,21902,81,81,5,-,-,15,49,
Chart_7, 2,2,2,2,2,2,10495,2,4681,2,-,2,10495,10495,2,2,2,2,10495,2,2,2,2,-,2,2,2,2,2,10495,2,2,2,3720,10495,10495,2,2,2,-,-,2,2,
Chart_8, -,-,-,-,-,-,-,-,-,-,-,-,-,-,-,-,-,-,-,-,-,-,-,-,-,-,-,-,-,-,-,-,-,-,-,-,-,-,-,-,-,-,-,
Chart_9, 1,1,1,1,1,1,1,1,4925,1,1,1,1,1,1,1,1,1,1,1,1,1,1,1473,1,1,1,1,1,1,1,1,1,2649,1,1,1,1,1,-,-,1,1,
Chart_10, 1,1,1,1,1,1,1,1,4906,1,1,1,1,1,1,1,1,1,1,1,1,1,1,-,1,1,1,1,1,1,1,1,1,2464,1,1,1,1,1,1,1,1,1,
Chart_11, 1,1,1,1,1,1,16572,1,4420,1,-,1,16572,16572,1,1,1,1,16572,1,1,1,1,-,1,1,1,1,1,16572,1,1,1,3952,16572,16572,1,1,1,-,-,1,1,
Chart_12, -,-,-,-,-,-,-,-,-,-,-,-,-,-,-,-,-,-,-,-,-,-,-,-,-,-,-,-,-,-,-,-,-,-,-,-,-,-,-,-,-,-,-,
Chart_13, 1,1,1,1,1,1,1,1,4908,1,1,1,1,1,1,1,1,1,1,1,1,1,1,-,1,1,1,1,1,1,1,1,1,2468,1,1,1,1,1,1,1,1,1,
Chart_14, 120,1,1,1,1,1,1,110,4495,1,-,110,1,1,1,1,1,1,1,110,1,22,110,-,110,1,1,1,1,1,1,1,110,3014,1,1,1,1,110,1,1,1,1,
Chart_15, 26,26,26,26,26,26,126,26,4891,26,-,26,126,126,26,26,26,26,126,26,26,26,26,7949,26,26,26,26,26,126,26,26,26,3464,126,126,26,26,26,-,-,26,26,
Chart_16, 78,12,12,2,12,12,2,12,3863,7,-,12,2,2,7,12,12,7,2,12,7,12,12,-,12,8,7,8,2,2,12,7,12,3171,2,2,12,2,12,2,7,7,8,
Chart_17, 2,2,2,2,2,2,102,2,4792,2,-,2,102,102,2,2,2,2,102,2,2,2,2,8317,2,2,2,2,2,102,2,2,2,3292,102,102,2,2,2,-,-,2,2,
Chart_18, 1,1,1,1,1,1,1,1,3568,1,1,1,1,1,1,1,1,1,1,1,1,1,1,-,1,1,1,1,1,1,1,1,1,2090,1,1,1,1,1,1,1,1,1,
Chart_19, 239,1,1,1,1,1,1,239,4700,1,1,239,1,1,1,1,1,1,1,239,1,239,239,-,239,1,1,1,1,1,1,1,239,2612,1,1,1,1,239,1,1,1,1,
Chart_20, -,-,-,-,-,-,-,-,-,-,-,-,-,-,-,-,-,-,-,-,-,-,-,-,-,-,-,-,-,-,-,-,-,-,-,-,-,-,-,-,-,-,-,
Chart_21, 2,2,2,2,2,2,2,2,4564,2,2,2,2,2,2,2,2,2,2,2,2,2,2,-,2,2,2,2,2,2,2,2,2,2101,2,2,2,2,2,2,2,2,2,
Chart_22, 40,1,1,1,1,1,1,38,3587,1,-,38,1,1,1,1,1,1,1,38,1,38,38,-,38,1,1,14,1,1,1,1,38,2412,1,1,1,1,38,1,35,1,1,
Chart_23, -,-,-,-,-,-,-,-,-,-,-,-,-,-,-,-,-,-,-,-,-,-,-,-,-,-,-,-,-,-,-,-,-,-,-,-,-,-,-,-,-,-,-,
Chart_24, 1,1,1,1,1,1,1,1,4791,1,1,1,1,1,1,1,1,1,1,1,1,1,1,-,1,1,1,1,1,1,1,1,1,2087,1,1,1,1,1,1,1,1,1,
Chart_25, 1976,30,28,1,30,30,23,1976,4049,28,30,1976,23,23,28,30,30,30,23,1976,30,1976,1976,-,1976,30,23,1,1,23,28,28,1976,2397,23,23,30,1,1976,23,1684,30,30,
Chart_26, 132,132,132,370,132,132,132,132,1279,132,132,132,132,132,132,132,132,132,132,132,132,132,132,8630,132,132,132,131,370,132,132,132,132,859,132,132,132,370,132,132,132,359,132,
Lang_1, 1809,-,-,-,-,-,2989,-,-,-,-,-,2989,2989,-,-,-,-,2989,-,-,-,-,2857,-,-,-,-,-,2989,3310,3312,-,-,2989,2989,-,-,-,-,-,-,-,
Lang_2, 455,332,328,48,332,332,54,341,-,118,-,341,54,54,48,332,332,48,54,341,48,73,341,3977,341,127,99,127,48,54,329,48,341,-,54,54,332,48,341,54,208,48,127,
Lang_3, 1904,-,-,-,-,-,3059,-,-,-,-,-,3059,3059,-,-,-,-,3059,-,-,-,-,2927,-,-,-,-,-,3059,3380,3382,-,-,3059,3059,-,-,-,-,-,-,-,
Lang_4, 974,-,-,-,-,-,8056,-,-,-,-,-,8056,8056,-,-,-,-,8056,-,-,-,-,7803,-,-,-,-,-,8056,8256,8258,-,-,8056,8056,-,-,-,-,-,-,-,
Lang_5, 443,322,316,38,322,322,44,331,-,108,-,331,44,44,39,322,322,39,44,331,39,66,331,3976,331,117,89,117,38,44,319,39,331,-,44,44,322,38,331,44,198,38,117,
Lang_6, 706,-,-,-,-,-,5679,-,-,-,-,-,5679,5679,-,-,-,-,5679,-,-,-,-,5528,-,-,-,-,-,5679,5962,5964,-,-,5679,5679,-,-,-,-,-,-,-,
Lang_7, 3679,-,-,-,-,-,2834,-,-,-,-,-,2834,2834,-,-,-,-,2834,-,-,-,-,2713,-,-,-,-,-,2834,3147,3149,-,-,2834,2834,-,-,-,-,-,-,-,
Lang_8, -,-,-,-,-,-,-,-,-,-,-,-,-,-,-,-,-,-,-,-,-,-,-,-,-,-,-,-,-,-,-,-,-,-,-,-,-,-,-,-,-,-,-,
Lang_9, -,-,-,-,-,-,-,-,-,-,-,-,-,-,-,-,-,-,-,-,-,-,-,-,-,-,-,-,-,-,-,-,-,-,-,-,-,-,-,-,-,-,-,
Lang_10, 3855,-,-,-,-,-,3150,-,-,-,-,-,3150,3150,-,-,-,-,3150,-,-,-,-,3026,-,-,-,-,-,3150,3471,3473,-,-,3150,3150,-,-,-,-,-,-,-,
Lang_11, 3170,-,-,-,-,-,3463,-,-,-,-,-,3463,3463,-,-,-,-,3463,-,-,-,-,3340,-,-,-,-,-,3463,3784,3786,-,-,3463,3463,-,-,-,-,-,-,-,
Lang_12, 3915,-,-,-,-,-,3465,-,-,-,-,-,3465,3465,-,-,-,-,3465,-,-,-,-,3342,-,-,-,-,-,3465,3786,3788,-,-,3465,3465,-,-,-,-,-,-,-,
Lang_13, -,-,-,-,-,-,-,-,-,-,-,-,-,-,-,-,-,-,-,-,-,-,-,-,-,-,-,-,-,-,-,-,-,-,-,-,-,-,-,-,-,-,-,
Lang_14, 2338,-,-,-,-,-,6513,-,-,-,-,-,6513,6513,-,-,-,-,6513,-,-,-,-,6335,-,-,-,-,-,6513,6600,6602,-,-,6513,6513,-,-,-,-,-,-,-,
Lang_15, 4466,-,-,-,-,-,2539,-,-,-,-,-,2539,2539,-,-,-,-,2539,-,-,-,-,2437,-,-,-,-,-,2539,2702,2704,-,-,2539,2539,-,-,-,-,-,-,-,
Lang_16, 3566,-,-,-,-,-,2748,-,-,-,-,-,2748,2748,-,-,-,-,2748,-,-,-,-,2536,-,-,-,-,-,2748,3004,3006,-,-,2748,2748,-,-,-,-,-,-,-,
Lang_17, 814,442,440,440,442,442,4975,442,234,440,-,442,4975,4975,442,442,442,442,4975,442,-,440,442,4726,442,442,440,442,440,4975,440,442,442,238,4975,4975,442,440,442,-,-,442,442,
Lang_18, -,-,-,-,-,-,-,-,-,-,-,-,-,-,-,-,-,-,-,-,-,-,-,-,-,-,-,-,-,-,-,-,-,-,-,-,-,-,-,-,-,-,-,
Lang_19, 1893,-,-,-,-,-,3653,-,-,-,-,-,3653,3653,-,-,-,-,3653,-,-,-,-,3440,-,-,-,-,-,3653,3908,3909,-,-,3653,3653,-,-,-,-,-,-,-,
Lang_20, 3003,-,-,-,-,-,1028,-,-,-,-,-,1028,1028,-,-,-,-,1028,-,-,-,-,815,-,-,-,-,-,1028,1283,1285,-,-,1028,1028,-,-,-,-,-,-,-,
Lang_21, 7390,-,-,-,-,-,2952,-,-,-,-,-,2952,2952,-,-,-,-,2952,-,-,-,-,2703,-,-,-,-,-,2952,3304,3311,-,-,2952,2952,-,-,-,-,-,-,-,
Lang_22, 1451,-,-,-,-,-,6338,-,-,-,-,-,6338,6338,-,-,-,-,6338,-,-,-,-,5605,-,-,-,-,-,6338,6505,6515,-,-,6338,6338,-,-,-,-,-,-,-,
Lang_23, -,-,-,-,-,-,-,-,-,-,-,-,-,-,-,-,-,-,-,-,-,-,-,-,-,-,-,-,-,-,-,-,-,-,-,-,-,-,-,-,-,-,-,
Lang_24, 1803,657,616,564,657,657,1762,657,-,590,-,657,1762,1762,564,657,657,564,1762,657,-,564,616,1270,657,618,616,618,564,1762,651,564,657,-,1762,1762,657,564,657,-,-,618,618,
Lang_25, -,-,-,-,-,-,-,-,-,-,-,-,-,-,-,-,-,-,-,-,-,-,-,-,-,-,-,-,-,-,-,-,-,-,-,-,-,-,-,-,-,-,-,
Lang_26, -,-,-,-,-,-,-,-,-,-,-,-,-,-,-,-,-,-,-,-,-,-,-,-,-,-,-,-,-,-,-,-,-,-,-,-,-,-,-,-,-,-,-,
Lang_27, 1216,410,354,74,410,410,191,410,-,213,-,410,191,191,74,410,410,74,191,410,74,74,362,2097,410,269,262,269,74,191,404,74,410,-,191,191,410,74,410,191,246,74,269,
Lang_28, -,-,-,-,-,-,-,-,-,-,-,-,-,-,-,-,-,-,-,-,-,-,-,-,-,-,-,-,-,-,-,-,-,-,-,-,-,-,-,-,-,-,-,
Lang_29, 616,138,110,103,138,138,26,138,-,43,-,138,26,26,103,138,138,103,26,138,-,103,122,1086,138,59,56,7,103,26,134,103,138,-,26,26,138,103,138,26,81,121,59,
Lang_30, -,-,-,-,-,-,-,-,-,-,-,-,-,-,-,-,-,-,-,-,-,-,-,-,-,-,-,-,-,-,-,-,-,-,-,-,-,-,-,-,-,-,-,
Lang_31, -,-,-,-,-,-,-,-,-,-,-,-,-,-,-,-,-,-,-,-,-,-,-,-,-,-,-,-,-,-,-,-,-,-,-,-,-,-,-,-,-,-,-,
Lang_32, 2380,-,-,-,-,-,5356,-,-,-,-,-,5356,5356,-,-,-,-,5356,-,-,-,-,4751,-,-,-,-,-,5356,5585,5592,-,-,5356,5356,-,-,-,-,-,-,-,
Lang_33, 5929,-,-,-,-,-,2186,-,-,-,-,-,2186,2186,-,-,-,-,2186,-,-,-,-,1693,-,-,-,-,-,2186,2526,2528,-,-,2186,2186,-,-,-,-,-,-,-,
Lang_34, -,-,-,-,-,-,-,-,-,-,-,-,-,-,-,-,-,-,-,-,-,-,-,-,-,-,-,-,-,-,-,-,-,-,-,-,-,-,-,-,-,-,-,
Lang_35, 2279,-,-,-,-,-,1243,-,-,-,-,-,1243,1243,-,-,-,-,1243,-,-,-,-,642,-,-,-,-,-,1243,1726,1729,-,-,1243,1243,-,-,-,-,-,-,-,
Lang_36, 1586,621,510,116,621,621,276,621,-,313,-,621,276,276,116,621,621,116,276,621,116,119,511,1215,621,448,438,448,116,276,571,116,621,-,276,276,621,116,621,276,427,116,448,
Lang_37, -,-,-,-,-,-,-,-,-,-,-,-,-,-,-,-,-,-,-,-,-,-,-,-,-,-,-,-,-,-,-,-,-,-,-,-,-,-,-,-,-,-,-,
Lang_38, -,-,-,-,-,-,-,-,-,-,-,-,-,-,-,-,-,-,-,-,-,-,-,-,-,-,-,-,-,-,-,-,-,-,-,-,-,-,-,-,-,-,-,
Lang_39, 1482,-,-,-,-,-,1248,-,-,-,-,-,1248,1248,-,-,-,-,1248,-,-,-,-,629,-,-,-,-,-,1248,1722,1732,-,-,1248,1248,-,-,-,-,-,-,-,
Lang_40, 1,1,1,1,1,1,1,1,588,1,1,1,1,1,1,1,1,1,1,1,1,1,1,1454,1,1,1,1,1,1,1,1,1,173,1,1,1,1,1,-,-,1,1,
Lang_41, 5,5,5,5,5,5,2930,5,246,5,-,5,2930,2930,5,5,5,5,2930,5,-,5,5,2926,5,5,5,5,5,2930,5,5,5,239,2930,2930,5,5,5,-,-,5,5,
Lang_42, 1,1,1,1,1,1,1,1,591,1,-,1,1,1,1,1,1,1,1,1,1,1,1,5942,1,1,1,1,1,1,1,1,1,220,1,1,1,1,1,-,-,1,1,
Lang_43, 1,1,1,1,1,1,1,1,577,1,1,1,1,1,1,1,1,1,1,1,1,1,1,-,1,1,1,1,1,1,1,1,1,101,1,1,1,1,1,1,1,1,1,
Lang_44, 5,5,5,5,5,5,5,5,513,5,-,5,5,5,5,5,5,5,5,5,5,5,5,2981,5,5,5,5,5,5,5,5,5,224,5,5,5,5,5,-,-,5,5,
Lang_45, 1,1,1,1,1,1,1,1,510,1,1,1,1,1,1,1,1,1,1,1,1,1,1,-,1,1,1,1,1,1,1,1,1,101,1,1,1,1,1,1,1,1,1,
Lang_46, 1,1,1,1,1,1,1,1,501,1,1,1,1,1,1,1,1,1,1,1,1,1,1,3149,1,1,1,1,1,1,1,1,1,154,1,1,1,1,1,-,-,1,1,
Lang_47, 4,2,2,2,2,2,2,4,456,2,-,4,2,2,4,2,2,4,2,4,-,4,4,4157,4,2,2,2,2,2,2,4,4,250,2,2,2,2,4,-,-,4,2,
Lang_48, 1,1,1,1,1,1,2620,1,200,1,-,1,2620,2620,1,1,1,1,2620,1,1,1,1,2620,1,1,1,1,1,2620,1,1,1,200,2620,2620,1,1,1,-,-,1,1,
Lang_49, 1,1,1,1,1,1,1,1,492,1,1,1,1,1,1,1,1,1,1,1,1,1,1,-,1,1,1,1,1,1,1,1,1,102,1,1,1,1,1,1,1,1,1,
Lang_50, 85,9,5,5,9,9,5,85,706,5,9,85,5,5,5,9,9,9,5,85,9,85,85,-,85,9,5,9,5,5,5,5,85,287,5,5,9,5,85,5,5,9,9,
Lang_51, 1,1,1,1,1,1,1,1,472,1,1,1,1,1,1,1,1,1,1,1,1,1,1,-,1,1,1,1,1,1,1,1,1,102,1,1,1,1,1,1,1,1,1,
Lang_52, 1,1,1,1,1,1,1,1,472,1,1,1,1,1,1,1,1,1,1,1,1,1,1,3094,1,1,1,1,1,1,1,1,1,102,1,1,1,1,1,1,1,1,1,
Lang_53, 1,1,1,1,1,1,1,1,471,1,1,1,1,1,1,1,1,1,1,1,1,1,1,1782,1,1,1,1,1,1,1,1,1,194,1,1,1,1,1,-,-,1,1,
Lang_54, 1,1,1,1,1,1,1,1,464,1,1,1,1,1,1,1,1,1,1,1,1,1,1,3439,1,1,1,1,1,1,1,1,1,194,1,1,1,1,1,-,-,1,1,
Lang_55, 7,7,7,7,7,7,3461,7,469,7,-,7,3461,3461,7,7,7,7,3461,7,7,7,7,3457,7,7,7,7,7,3461,7,7,7,258,3461,3461,7,7,7,-,-,7,7,
Lang_56, -,-,-,-,-,-,-,-,-,-,-,-,-,-,-,-,-,-,-,-,-,-,-,-,-,-,-,-,-,-,-,-,-,-,-,-,-,-,-,-,-,-,-,
Lang_57, 1,1,1,1,1,1,1,1,127,1,1,1,1,1,1,1,1,1,1,1,1,1,1,-,1,1,1,1,1,1,1,1,1,84,1,1,1,1,1,1,1,1,1,
Lang_58, 2,2,2,2,2,2,2,2,493,2,2,2,2,2,2,2,2,2,2,2,2,2,2,2152,2,2,2,2,2,2,2,2,2,184,2,2,2,2,2,-,-,2,2,
Lang_59, 1,1,1,1,1,1,1,1,479,1,-,1,1,1,1,1,1,1,1,1,1,1,1,3995,1,1,1,1,1,1,1,1,1,222,1,1,1,1,1,-,-,1,1,
Lang_60, 1,1,1,1,1,1,1,1,501,1,1,1,1,1,1,1,1,1,1,1,1,1,1,804,1,1,1,1,1,1,1,1,1,183,1,1,1,1,1,-,-,1,1,
Lang_61, 1,14,14,14,14,14,798,1,341,14,-,1,798,798,1,14,14,1,798,1,1,1,1,785,1,14,14,14,14,798,14,1,1,247,798,798,14,14,1,-,-,1,14,
Lang_62, 1,1,1,1,1,1,1,1,465,1,-,1,1,1,1,1,1,1,1,1,1,1,1,1498,1,1,1,1,1,1,1,1,1,222,1,1,1,1,1,-,-,1,1,
Lang_63, 1,1,1,1,1,1,1,1,514,1,1,1,1,1,1,1,1,1,1,1,1,1,1,2843,1,1,1,1,1,1,1,1,1,91,1,1,1,1,1,1,1,1,1,
Lang_64, 1,1,1,1,1,1,4702,1,421,1,-,1,4702,4702,1,1,1,1,4702,1,-,1,1,-,1,1,1,1,1,4702,1,1,1,243,4702,4702,1,1,1,-,-,1,1,
Lang_65, 6,6,6,6,6,6,1769,6,395,6,-,6,1769,1769,6,6,6,6,1769,6,6,6,6,1764,6,6,6,6,6,1769,6,6,6,256,1769,1769,6,6,6,-,-,6,6,
Math_1, -,-,-,-,-,-,-,-,-,-,-,-,-,-,-,-,-,-,-,-,-,-,-,-,-,-,-,-,-,-,-,-,-,-,-,-,-,-,-,-,-,-,-,
Math_2, 11,11,11,11,11,11,19623,11,5584,11,-,11,19623,19623,11,11,11,11,19623,11,11,11,11,-,11,11,11,11,11,19623,11,11,11,4721,19623,19623,11,11,11,-,-,11,11,
Math_3, 1,1,1,1,1,1,923,1,5622,1,-,1,923,923,1,1,1,1,923,1,1,1,1,923,1,1,1,1,1,923,1,1,1,4288,923,923,1,1,1,-,-,1,1,
Math_4, 8,1,1,1,1,1,11473,8,5465,1,-,8,11473,11473,8,1,1,8,11473,8,-,8,8,13325,8,1,1,1,1,11473,1,8,8,3637,11473,11473,1,1,8,-,-,8,1,
Math_5, 2,2,2,2,2,2,2,2,5537,2,2,2,2,2,2,2,2,2,2,2,2,2,2,2619,2,2,2,2,2,2,2,2,2,1817,2,2,2,2,2,2,2,2,2,
Math_6, 75,2,2,2,2,2,2,193,2300,2,2,193,2,2,2,2,2,2,2,83,2,65,75,2977,193,2,2,178,2,2,2,2,193,1131,2,2,2,2,193,2,63,2,2,
Math_7, 1,1,1,1,1,1,6240,1,1000,1,-,1,6240,6240,1,1,1,1,6240,1,1,1,1,6240,1,1,1,1,1,6240,1,1,1,1000,6240,6240,1,1,1,-,-,1,1,
Math_8, 1,1,1,1,1,1,1,1,5451,1,1,1,1,1,1,1,1,1,1,1,1,1,1,-,1,1,1,1,1,1,1,1,1,1804,1,1,1,1,1,1,1,1,1,
Math_9, 1,1,1,1,1,1,1,1,5425,1,1,1,1,1,1,1,1,1,1,1,1,1,1,-,1,1,1,1,1,1,1,1,1,1804,1,1,1,1,1,1,1,1,1,
Math_10, 1,1,1,1,1,1,1,1,5088,1,-,1,1,1,1,1,1,1,1,1,1,1,1,466,1,1,1,1,1,1,1,1,1,2008,1,1,1,1,1,-,-,1,1,
Math_11, 9,9,9,9,9,9,9,9,5080,9,-,9,9,9,9,9,9,9,9,9,9,9,9,-,9,9,9,9,9,9,9,9,9,2015,9,9,9,9,9,-,-,9,9,
Math_12, -,-,-,-,-,-,-,-,-,-,-,-,-,-,-,-,-,-,-,-,-,-,-,-,-,-,-,-,-,-,-,-,-,-,-,-,-,-,-,-,-,-,-,
Math_13, 28,28,28,28,28,28,24892,28,1708,28,-,28,24892,24892,28,28,28,28,24892,28,28,28,28,24885,28,28,28,28,28,24892,28,28,28,1696,24892,24892,28,28,28,-,-,28,28,
Math_14, 1672,-,-,-,-,-,24992,-,1641,-,-,-,24992,24992,-,-,-,-,24992,-,-,-,-,24956,-,-,-,-,-,24992,25007,25021,-,1641,24992,24992,-,-,-,-,-,-,-,
Math_15, 1,1,1,1,1,1,1,1,160,1,1,1,1,1,1,1,1,1,1,1,1,1,1,313,1,1,1,1,1,1,1,1,1,160,1,1,1,1,1,-,-,1,1,
Math_16, 1,1,1,1,1,1,10365,1,3407,1,-,1,10365,10365,1,1,1,1,10365,1,1,1,1,10365,1,1,1,1,1,10365,1,1,1,3059,10365,10365,1,1,1,-,-,1,1,
Math_17, 90,90,90,90,90,90,18315,90,3778,90,-,90,18315,18315,90,90,90,90,18315,90,90,90,90,-,90,90,90,90,90,18315,90,90,90,3579,18315,18315,90,90,90,-,-,90,90,
Math_18, -,-,-,-,-,-,-,-,-,-,-,-,-,-,-,-,-,-,-,-,-,-,-,-,-,-,-,-,-,-,-,-,-,-,-,-,-,-,-,-,-,-,-,
Math_19, 5,5,5,5,5,5,1803,5,4003,5,-,5,1803,1803,5,5,5,5,1803,5,5,5,5,1800,5,5,5,5,5,1803,5,5,5,2243,1803,1803,5,5,5,-,-,5,5,
Math_20, -,-,-,-,-,-,-,-,-,-,-,-,-,-,-,-,-,-,-,-,-,-,-,-,-,-,-,-,-,-,-,-,-,-,-,-,-,-,-,-,-,-,-,
Math_21, -,-,-,-,-,-,-,-,-,-,-,-,-,-,-,-,-,-,-,-,-,-,-,-,-,-,-,-,-,-,-,-,-,-,-,-,-,-,-,-,-,-,-,
Math_22, 16,1,1,1,1,1,1,16,4223,1,1,16,1,1,1,1,1,1,1,16,1,16,16,-,16,1,1,1,1,1,1,1,16,1527,1,1,1,1,16,1,1,1,1,
Math_23, 2,2,2,2,2,2,6675,2,4123,2,-,2,6675,6675,2,2,2,2,6675,2,2,2,2,7730,2,2,2,2,2,6675,2,2,2,2186,6675,6675,2,2,2,-,-,2,2,
Math_24, 9,9,9,9,9,9,7739,9,4118,9,-,9,7739,7739,9,9,9,9,7739,9,9,9,9,7731,9,9,9,9,9,7739,9,9,9,2282,7739,7739,9,9,9,-,-,9,9,
Math_25, -,-,-,-,-,-,-,-,-,-,-,-,-,-,-,-,-,-,-,-,-,-,-,-,-,-,-,-,-,-,-,-,-,-,-,-,-,-,-,-,-,-,-,
Math_26, -,-,-,-,-,-,-,-,-,-,-,-,-,-,-,-,-,-,-,-,-,-,-,-,-,-,-,-,-,-,-,-,-,-,-,-,-,-,-,-,-,-,-,
Math_27, 1,1,1,1,1,1,1,1,4093,1,1,1,1,1,1,1,1,1,1,1,1,1,1,-,1,1,1,1,1,1,1,1,1,1415,1,1,1,1,1,-,-,1,1,
Math_28, 6,6,6,6,6,6,3355,6,3699,6,-,6,3355,3355,6,6,6,6,3355,6,6,6,6,3350,6,6,6,6,6,3355,6,6,6,1932,3355,3355,6,6,6,-,-,6,6,
Math_29, 117,1,1,1,1,1,1,118,3293,1,1,118,1,1,1,1,1,1,1,118,1,117,117,-,118,1,1,1,1,1,1,1,118,1388,1,1,1,1,118,1,1,118,1,
Math_30, 4,4,4,4,4,4,4,4,4158,4,4,4,4,4,4,4,4,4,4,4,4,4,4,-,4,4,4,4,4,4,4,4,4,1428,4,4,4,4,4,-,-,4,4,
Math_31, 1,1,1,1,1,1,1,1,268,1,1,1,1,1,1,1,1,1,1,1,1,1,1,5992,1,1,1,1,1,1,1,1,1,268,1,1,1,1,1,1,1,1,1,
Math_32, 3,3,3,3,3,3,3,3,4532,3,3,3,3,3,3,3,3,3,3,3,3,3,3,-,3,3,3,3,3,3,3,3,3,1112,3,3,3,3,3,3,3,3,3,
Math_33, 4,4,4,4,4,4,6247,4,3705,4,-,4,6247,6247,4,4,4,4,6247,4,4,4,4,8246,4,4,4,4,4,6247,4,4,4,2063,6247,6247,4,4,4,-,-,4,4,
Math_34, 1,1,1,1,1,1,1,1,4042,1,1,1,1,1,1,1,1,1,1,1,1,1,1,-,1,1,1,1,1,1,1,1,1,1391,1,1,1,1,1,-,-,1,1,
Math_35, -,-,-,-,-,-,-,-,-,-,-,-,-,-,-,-,-,-,-,-,-,-,-,-,-,-,-,-,-,-,-,-,-,-,-,-,-,-,-,-,-,-,-,
Math_36, 3,1,1,1,1,1,1,3,3385,1,-,3,1,1,3,1,1,3,1,3,-,3,3,-,3,1,1,1,1,1,1,3,3,1481,1,1,1,1,3,-,-,3,1,
Math_37, 202,5,5,3,5,5,3,202,3285,5,5,202,3,3,10,5,5,10,3,202,10,186,202,504,202,5,3,77,3,3,3,10,202,1376,3,3,5,3,202,3,12,126,5,
Math_38, 5,5,5,5,5,5,5,5,4071,5,5,5,5,5,5,5,5,5,5,5,5,5,5,192,5,5,5,5,5,5,5,5,5,1102,5,5,5,5,5,5,5,5,5,
Math_39, 27,27,27,27,27,27,13591,27,1454,27,-,27,13591,13591,27,27,27,27,13591,27,27,27,27,13582,27,27,27,27,27,13591,27,27,27,1454,13591,13591,27,27,27,-,-,27,27,
Math_40, 23,23,23,23,23,23,2883,23,3225,23,-,23,2883,2883,23,23,23,23,2883,23,23,23,23,2878,23,23,23,23,23,2883,23,23,23,3052,2883,2883,23,23,23,-,-,23,23,
Math_41, 2,2,2,2,2,2,2,2,4010,2,-,2,2,2,2,2,2,2,2,2,2,2,2,-,2,2,2,2,2,2,2,2,2,1510,2,2,2,2,2,-,-,2,2,
Math_42, 23,23,23,23,23,23,5115,23,3722,23,-,23,5115,5115,23,23,23,23,5115,23,23,23,23,5115,23,23,23,23,23,5115,23,23,23,3398,5115,5115,23,23,23,-,-,23,23,
Math_43, 3,23,23,23,23,23,5919,3,936,13,-,3,5919,5919,9,23,23,9,5919,3,9,3,3,5908,3,13,23,30,23,5919,23,9,3,930,5919,5919,23,23,3,-,3,9,13,
Math_44, 6,6,6,6,6,6,5102,6,642,6,-,6,5102,5102,6,6,6,6,5102,6,6,6,6,5098,6,6,6,6,6,5102,6,6,6,642,5102,5102,6,6,6,-,-,6,6,
Math_45, -,-,-,-,-,-,-,-,-,-,-,-,-,-,-,-,-,-,-,-,-,-,-,-,-,-,-,-,-,-,-,-,-,-,-,-,-,-,-,-,-,-,-,
Math_46, 1,2,2,2,2,2,2,1,3034,2,2,1,2,2,2,2,2,2,2,1,2,1,1,2602,1,2,2,2,2,2,2,2,1,1285,2,2,2,2,1,-,-,2,2,
Math_47, 2,2,2,2,2,2,2,2,3037,2,2,2,2,2,2,2,2,2,2,2,2,2,2,2613,2,2,2,2,2,2,2,2,2,1286,2,2,2,2,2,-,-,2,2,
Math_48, 6,6,6,6,6,6,7288,6,2780,6,-,6,7288,7288,6,6,6,6,7288,6,6,6,6,7284,6,6,6,6,6,7288,6,6,6,2415,7288,7288,6,6,6,-,-,6,6,
Math_49, 4,4,4,4,4,4,4,4,3785,4,4,4,4,4,4,4,4,4,4,4,4,4,4,2835,4,4,4,4,4,4,4,4,4,1264,4,4,4,4,4,-,-,4,4,
Math_50, 1,1,1,1,1,1,1,1,2685,1,1,1,1,1,1,1,1,1,1,1,1,1,1,7570,1,1,1,1,1,1,1,1,1,979,1,1,1,1,1,1,1,1,1,
Math_51, 23,23,23,23,23,23,7548,23,2686,23,-,23,7548,7548,23,23,23,23,7548,23,23,23,23,7542,23,23,23,23,23,7548,23,23,23,2515,7548,7548,23,23,23,-,-,23,23,
Math_52, -,-,-,-,-,-,-,-,-,-,-,-,-,-,-,-,-,-,-,-,-,-,-,-,-,-,-,-,-,-,-,-,-,-,-,-,-,-,-,-,-,-,-,
Math_53, 1,1,1,1,1,1,13769,1,3104,1,-,1,13769,13769,1,1,1,1,13769,1,1,1,1,-,1,1,1,1,1,13769,1,1,1,2818,13769,13769,1,1,1,-,-,1,1,
Math_54, 113,113,113,113,113,113,12330,113,2710,113,-,113,12330,12330,113,113,113,113,12330,113,113,113,113,12225,113,113,113,113,113,12330,113,113,113,2697,12330,12330,113,113,113,-,-,113,113,
Math_55, 1,1,1,1,1,1,3987,1,3017,1,-,1,3987,3987,1,1,1,1,3987,1,1,1,1,-,1,1,1,1,1,3987,1,1,1,1705,3987,3987,1,1,1,-,-,1,1,
Math_56, 2,2,2,2,2,2,2,2,3022,2,2,2,2,2,2,2,2,2,2,2,2,2,2,3078,2,2,2,2,2,2,2,2,2,885,2,2,2,2,2,2,2,2,2,
Math_57, 1,1,1,1,1,1,1,1,3037,1,-,1,1,1,1,1,1,1,1,1,1,1,1,-,1,1,1,1,1,1,1,1,1,1315,1,1,1,1,1,-,-,1,1,
Math_58, 6,6,6,6,6,6,7477,6,3068,6,-,6,7477,7477,6,6,6,6,7477,6,6,6,6,-,6,6,6,6,6,7477,6,6,6,1995,7477,7477,6,6,6,-,-,6,6,
Math_59, 1,1,1,1,1,1,1,1,3170,1,1,1,1,1,1,1,1,1,1,1,1,1,1,-,1,1,1,1,1,1,1,1,1,917,1,1,1,1,1,1,1,1,1,
Math_60, 21,21,21,21,21,21,9102,21,3055,21,-,21,9102,9102,21,21,21,21,9102,21,21,21,21,-,21,21,21,21,21,9102,21,21,21,2119,9102,9102,21,21,21,-,-,21,21,
Math_61, -,-,-,-,-,-,-,-,-,-,-,-,-,-,-,-,-,-,-,-,-,-,-,-,-,-,-,-,-,-,-,-,-,-,-,-,-,-,-,-,-,-,-,
Math_62, 3,3,3,3,3,3,3,3,3359,3,3,3,3,3,3,3,3,3,3,3,3,3,3,-,3,3,3,3,3,3,3,3,3,1062,3,3,3,3,3,-,-,3,3,
Math_63, 8,8,8,8,8,8,8,8,2987,8,8,8,8,8,8,8,8,8,8,8,8,8,8,-,8,8,8,8,8,8,8,8,8,911,8,8,8,8,8,8,8,8,8,
Math_64, 1,1,1,1,1,1,1707,1,859,1,-,1,1707,1707,1,1,1,1,1707,1,1,1,1,1707,1,1,1,1,1,1707,1,1,1,858,1707,1707,1,1,1,-,-,1,1,
Math_65, 8,8,8,8,8,8,8,8,1188,8,8,8,8,8,8,8,8,8,8,8,8,8,8,-,8,8,8,8,8,8,8,8,8,624,8,8,8,8,8,8,8,8,8,
Math_66, 1,36,36,63,36,36,63,1,1529,36,36,1,63,63,36,36,36,36,63,1,36,1,1,2413,1,36,36,1,63,63,36,36,1,756,63,63,36,63,1,-,36,36,36,
Math_67, 22,22,22,22,22,22,22,22,2551,22,22,22,22,22,22,22,22,22,22,22,22,22,22,-,22,22,22,22,22,22,22,22,22,594,22,22,22,22,22,22,22,22,22,
Math_68, 3,3,3,3,3,3,1784,3,925,3,-,3,1784,1784,3,3,3,3,1784,3,3,3,3,1784,3,3,3,3,3,1784,3,3,3,862,1784,1784,3,3,3,-,-,3,3,
Math_69, 1,1,1,1,1,1,5205,1,2020,1,-,1,5205,5205,1,1,1,1,5205,1,1,1,1,-,1,1,1,1,1,5205,1,1,1,834,5205,5205,1,1,1,-,-,1,1,
Math_70, 1,1,1,1,1,1,1,1,2342,1,1,1,1,1,1,1,1,1,1,1,1,1,1,-,1,1,1,1,1,1,1,1,1,505,1,1,1,1,1,1,1,1,1,
Math_71, 196,1,1,1,1,1,1,196,618,1,1,196,1,1,1,1,1,1,1,196,1,196,196,6850,196,1,1,1,1,1,1,1,196,576,1,1,1,1,196,1,1,1,1,
Math_72, 3,3,3,3,3,3,3,3,2316,3,3,3,3,3,3,3,3,3,3,3,3,3,3,2944,3,3,3,3,3,3,3,3,3,511,3,3,3,3,3,3,3,3,3,
Math_73, 1,1,1,1,1,1,1,1,2317,1,1,1,1,1,1,1,1,1,1,1,1,1,1,2964,1,1,1,1,1,1,1,1,1,509,1,1,1,1,1,1,1,1,1,
Math_74, 345,345,345,345,345,345,6942,345,666,345,-,345,6942,6942,345,345,345,345,6942,345,345,345,345,6814,345,345,345,345,345,6942,345,345,345,685,6942,6942,345,345,345,-,-,345,345,
Math_75, 2,2,2,2,2,2,2,2,2378,2,2,2,2,2,2,2,2,2,2,2,2,2,2,-,2,2,2,2,2,2,2,2,2,509,2,2,2,2,2,2,2,2,2,
Math_76, 7,7,7,7,7,7,4465,7,2006,7,-,7,4465,4465,7,7,7,7,4465,7,7,7,7,4462,7,7,7,7,7,4465,7,7,7,825,4465,4465,7,7,7,-,-,7,7,
Math_77, 1,1,1,1,1,1,1,1,2171,1,1,1,1,1,1,1,1,1,1,1,1,1,1,-,1,1,1,1,1,1,1,1,1,642,1,1,1,1,1,1,1,1,1,
Math_78, 21,21,21,21,21,21,14472,21,318,21,-,21,14472,14472,21,21,21,21,14472,21,21,21,21,14460,21,21,21,21,21,14472,21,21,21,318,14472,14472,21,21,21,-,-,21,21,
Math_79, 23,23,23,23,23,23,3617,23,2298,23,-,23,3617,3617,23,23,23,23,3617,23,23,23,23,-,23,23,23,23,23,3617,23,23,23,990,3617,3617,23,23,23,-,-,23,23,
Math_80, 11,11,11,11,11,11,11,11,2216,11,11,11,11,11,11,11,11,11,11,11,11,11,11,-,11,11,11,11,11,11,11,11,11,516,11,11,11,11,11,11,11,11,11,
Math_81, 1,1,1,1,1,1,1,1,2054,1,-,1,1,1,1,1,1,1,1,1,1,1,1,19,1,1,1,1,1,1,1,1,1,808,1,1,1,1,1,-,-,1,1,
Math_82, 53,53,53,53,53,53,10548,53,2121,53,-,53,10548,10548,53,53,53,53,10548,53,53,53,53,-,53,53,53,53,53,10548,53,53,53,1813,10548,10548,53,53,53,-,-,53,53,
Math_83, 1,1,1,1,1,1,3553,1,2034,1,-,1,3553,3553,1,1,1,1,3553,1,1,1,1,-,1,1,1,1,1,3553,1,1,1,957,3553,3553,1,1,1,-,-,1,1,
Math_84, 13,13,13,13,13,13,13,13,1874,13,13,13,13,13,13,13,13,13,13,13,13,13,13,-,13,13,13,13,13,13,13,13,13,664,13,13,13,13,13,-,-,13,13,
Math_85, 1,1,1,1,1,1,1,1,1873,1,1,1,1,1,1,1,1,1,1,1,1,1,1,2807,1,1,1,1,1,1,1,1,1,491,1,1,1,1,1,1,1,1,1,
Math_86, -,-,-,-,-,-,-,-,-,-,-,-,-,-,-,-,-,-,-,-,-,-,-,-,-,-,-,-,-,-,-,-,-,-,-,-,-,-,-,-,-,-,-,
Math_87, 99,99,99,99,99,99,8393,99,2110,99,-,99,8393,8393,99,99,99,99,8393,99,99,99,99,8375,99,99,99,99,99,8393,99,99,99,1908,8393,8393,99,99,99,-,-,99,99,
Math_88, 1,1,1,1,1,1,1,1,2141,1,-,1,1,1,1,1,1,1,1,1,1,1,1,-,1,1,1,1,1,1,1,1,1,807,1,1,1,1,1,-,-,1,1,
Math_89, 1,1,1,1,1,1,1,1,1758,1,-,1,1,1,1,1,1,1,1,1,-,1,1,2207,1,1,1,1,1,1,1,1,1,761,1,1,1,1,1,-,-,1,1,
Math_90, 1,1,1,1,1,1,1,1,1499,1,-,1,1,1,1,1,1,1,1,1,-,1,1,2166,1,1,1,1,1,1,1,1,1,761,1,1,1,1,1,-,-,1,1,
Math_91, 1,1,1,1,1,1,1,1,1787,1,1,1,1,1,1,1,1,1,1,1,1,1,1,-,1,1,1,1,1,1,1,1,1,567,1,1,1,1,1,1,1,1,1,
Math_92, 1,1,1,1,1,1,1,1,1385,1,-,1,1,1,1,1,1,1,1,1,-,1,1,1301,1,1,1,1,1,1,1,1,1,838,1,1,1,1,1,-,-,1,1,
Math_93, 1,1,1,1,1,1,1,1,1432,1,-,1,1,1,1,1,1,1,1,1,1,1,1,1051,1,1,1,1,1,1,1,1,1,789,1,1,1,1,1,1,1,1,1,
Math_94, 1,1,1,1,1,1,5514,1,741,1,-,1,5514,5514,1,1,1,1,5514,1,-,1,1,-,1,1,1,1,1,5514,1,1,1,672,5514,5514,1,1,1,-,-,1,1,
Math_95, 2,2,2,2,2,2,2,2,1216,2,-,2,2,2,2,2,2,2,2,2,-,2,2,-,2,2,2,2,2,2,2,2,2,719,2,2,2,2,2,-,-,2,2,
Math_96, 6,6,6,6,6,6,1118,6,534,6,-,6,1118,1118,6,6,6,6,1118,6,-,6,6,1116,6,6,6,6,6,1118,6,6,6,513,1118,1118,6,6,6,-,-,6,6,
Math_97, 1,1,1,1,1,1,1209,1,440,1,-,1,1209,1209,1,1,1,1,1209,1,-,1,1,-,1,1,1,1,1,1209,1,1,1,402,1209,1209,1,1,1,-,-,1,1,
Math_98, 1,1,1,1,1,1,1,1,999,1,-,1,1,1,1,1,1,1,1,1,-,1,1,111,1,1,1,1,1,1,1,1,1,503,1,1,1,1,1,-,-,1,1,
Math_99, 1,1,1,1,1,1,1,1,581,1,-,1,1,1,1,1,1,1,1,1,1,1,1,-,1,1,1,1,1,1,1,1,1,565,1,1,1,1,1,1,1,1,1,
Math_100, 2,2,2,2,2,2,2,2,1115,2,-,2,2,2,2,2,2,2,2,2,-,2,2,790,2,2,2,2,2,2,2,2,2,447,2,2,2,2,2,-,-,2,2,
Math_101, 1,1,1,1,1,1,1442,1,654,1,-,1,1442,1442,1,1,1,1,1442,1,-,1,1,1442,1,1,1,1,1,1442,1,1,1,455,1442,1442,1,1,1,-,-,1,1,
Math_102, 16,19,19,23,19,19,5116,16,296,18,-,16,5116,5116,18,19,19,18,5116,16,-,16,16,-,16,17,23,14,23,5116,19,18,16,253,5116,5116,19,23,16,-,16,18,17,
Math_103, 7,7,7,7,7,7,3100,7,944,7,-,7,3100,3100,7,7,7,7,3100,7,-,7,7,-,7,7,7,7,7,3100,7,7,7,776,3100,3100,7,7,7,-,-,7,7,
Math_104, -,-,-,-,-,-,-,-,-,-,-,-,-,-,-,-,-,-,-,-,-,-,-,-,-,-,-,-,-,-,-,-,-,-,-,-,-,-,-,-,-,-,-,
Math_105, 1,1,1,1,1,1,2675,1,513,1,-,1,2675,2675,1,1,1,1,2675,1,1,1,1,-,1,1,1,1,1,2675,1,1,1,409,2675,2675,1,1,1,-,-,1,1,
Math_106, 5,5,5,5,5,5,5,5,542,5,-,5,5,5,5,5,5,5,5,5,5,5,5,551,5,5,5,5,5,5,5,5,5,249,5,5,5,5,5,-,-,5,5,
Closure_1, 4,4,4,8,4,4,1144,4,8815,4,4,4,1144,1144,4,4,4,4,1144,4,4,4,4,1132,4,4,4,206,8,1144,4,4,4,8695,1144,1144,4,8,4,-,4,4,4,
Closure_2, 8,8,8,8,8,8,6526,8,13058,8,-,8,6526,6526,8,8,8,8,6526,8,8,8,8,6524,8,8,8,8,8,6526,8,8,8,11868,6526,6526,8,8,8,-,-,8,8,
Closure_3, 28,28,28,28,28,28,8114,28,6809,28,-,28,8114,8114,28,28,28,28,8114,28,28,28,28,-,28,28,28,31,28,8114,28,28,28,6794,8114,8114,28,28,28,-,28,28,28,
Closure_4, 42,48,48,48,48,48,3227,42,5179,45,-,42,3227,3227,42,48,48,42,3227,42,42,42,42,3224,42,45,48,204,48,3227,48,42,42,5179,3227,3227,48,48,42,-,-,42,45,
Closure_5, -,-,-,-,-,-,-,-,-,-,-,-,-,-,-,-,-,-,-,-,-,-,-,-,-,-,-,-,-,-,-,-,-,-,-,-,-,-,-,-,-,-,-,
Closure_6, 16,1,1,1,1,1,1,16,3126,1,1,16,1,1,1,1,1,1,1,16,1,16,16,1126,16,1,1,8,1,1,1,1,16,3126,1,1,1,1,16,1,1,1,1,
Closure_7, -,-,-,-,-,-,-,-,-,-,-,-,-,-,-,-,-,-,-,-,-,-,-,-,-,-,-,-,-,-,-,-,-,-,-,-,-,-,-,-,-,-,-,
Closure_8, -,-,-,-,-,-,-,-,-,-,-,-,-,-,-,-,-,-,-,-,-,-,-,-,-,-,-,-,-,-,-,-,-,-,-,-,-,-,-,-,-,-,-,
Closure_9, 1,1,1,1,1,1,1,1,12798,1,1,1,1,1,1,1,1,1,1,1,1,1,1,-,1,1,1,1,1,1,1,1,1,7860,1,1,1,1,1,1,1,1,1,
Closure_10, 56,56,56,56,56,56,8829,56,12138,56,-,56,8829,8829,56,56,56,56,8829,56,56,56,56,-,56,56,56,56,56,8829,56,56,56,11350,8829,8829,56,56,56,-,-,56,56,
Closure_11, 367,477,457,477,477,477,5698,367,2838,419,-,367,5698,5698,369,477,477,367,5698,367,367,367,367,5694,367,419,477,419,477,5698,5707,369,367,2838,5698,5698,477,477,367,-,-,367,419,
Closure_12, 368,368,368,368,368,368,19136,368,6525,368,-,368,19136,19136,368,368,368,368,19136,368,368,368,368,-,368,368,368,368,368,19136,7261,368,368,6525,19136,19136,368,368,368,-,-,368,368,
Closure_13, 151,151,151,151,151,151,10514,151,4437,151,-,151,10514,10514,151,151,151,151,10514,151,151,151,151,-,151,151,151,151,151,10514,151,151,151,4437,10514,10514,151,151,151,-,-,151,151,
Closure_14, 1,3,3,3,3,3,7023,1,1727,2,-,1,7023,7023,2,3,3,2,7023,1,2,1,1,7003,1,2,3,87,3,7023,3,2,1,1727,7023,7023,3,3,1,-,2,2,2,
Closure_15, -,-,-,-,-,-,-,-,-,-,-,-,-,-,-,-,-,-,-,-,-,-,-,-,-,-,-,-,-,-,-,-,-,-,-,-,-,-,-,-,-,-,-,
Closure_16, -,-,-,-,-,-,-,-,-,-,-,-,-,-,-,-,-,-,-,-,-,-,-,-,-,-,-,-,-,-,-,-,-,-,-,-,-,-,-,-,-,-,-,
Closure_17, -,-,-,-,-,-,-,-,-,-,-,-,-,-,-,-,-,-,-,-,-,-,-,-,-,-,-,-,-,-,-,-,-,-,-,-,-,-,-,-,-,-,-,
Closure_18, 1654,1495,1495,1495,1495,1495,196,1495,1182,1495,-,1495,196,196,1495,1495,1495,1495,196,1495,1495,1495,1495,196,1495,1495,1495,1495,1495,196,337,1495,1495,1182,196,196,1495,1495,1495,-,-,1495,1495,
Closure_19, 2,2,2,2,2,2,2,2,4411,2,2,2,2,2,2,2,2,2,2,2,2,2,2,16540,2,2,2,2,2,2,2,2,2,4411,2,2,2,2,2,2,2,2,2,
Closure_20, 1,1,1,1,1,1,1,1,7650,1,1,1,1,1,1,1,1,1,1,1,1,1,1,-,1,1,1,1,1,1,1,1,1,7650,1,1,1,1,1,1,1,1,1,
Closure_21, 2,2,2,2,2,2,2,2,4747,2,2,2,2,2,2,2,2,2,2,2,2,2,2,6863,2,2,2,2,2,2,2,2,2,4747,2,2,2,2,2,-,-,2,2,
Closure_22, 2,2,2,2,2,2,2,2,4747,2,2,2,2,2,2,2,2,2,2,2,2,2,2,1951,2,2,2,2,2,2,2,2,2,4747,2,2,2,2,2,2,2,2,2,
Closure_23, 1,1,1,1,1,1,1,1,12519,1,1,1,1,1,1,1,1,1,1,1,1,1,1,148,1,1,1,1,1,1,1,1,1,7676,1,1,1,1,1,1,1,1,1,
Closure_24, -,-,-,-,-,-,-,-,-,-,-,-,-,-,-,-,-,-,-,-,-,-,-,-,-,-,-,-,-,-,-,-,-,-,-,-,-,-,-,-,-,-,-,
Closure_25, 56,56,56,56,56,56,2330,56,4195,56,-,56,2330,2330,56,56,56,56,2330,56,56,56,56,2330,56,56,56,56,56,2330,56,56,56,4195,2330,2330,56,56,56,-,-,56,56,
Closure_26, -,-,-,-,-,-,-,-,-,-,-,-,-,-,-,-,-,-,-,-,-,-,-,-,-,-,-,-,-,-,-,-,-,-,-,-,-,-,-,-,-,-,-,
Closure_27, 1065,5,5,5,5,5,5,8,11378,5,5,8,5,5,5,5,5,5,5,5,5,5,5,-,8,5,5,12,5,5,5,5,8,7789,5,5,5,5,8,5,5,5,5,
Closure_28, -,-,-,-,-,-,-,-,-,-,-,-,-,-,-,-,-,-,-,-,-,-,-,-,-,-,-,-,-,-,-,-,-,-,-,-,-,-,-,-,-,-,-,
Closure_29, -,-,-,-,-,-,-,-,-,-,-,-,-,-,-,-,-,-,-,-,-,-,-,-,-,-,-,-,-,-,-,-,-,-,-,-,-,-,-,-,-,-,-,
Closure_30, 4,25,25,30,25,25,874,4,6856,10,-,4,874,874,6,25,25,6,874,4,6,4,4,868,4,10,28,135,30,874,25,6,4,6828,874,874,25,30,4,-,6,6,10,
Closure_31, 1708,1026,1026,1026,1026,1026,170,1026,1157,1026,-,1026,170,170,1026,1026,1026,1026,170,1026,1026,1026,1026,161,1026,1026,1026,1026,1026,170,478,1026,1026,1157,170,170,1026,1026,1026,-,-,1026,1026,
Closure_32, 12,12,12,12,12,12,3305,12,5634,12,12,12,3305,3305,12,12,12,12,3305,12,12,12,12,10323,12,12,12,234,12,3305,12,12,12,5624,3305,3305,12,12,12,-,12,12,12,
Closure_33, 2,2,2,2,2,2,6194,2,5276,2,-,2,6194,6194,2,2,2,2,6194,2,2,2,2,-,2,2,2,2,2,6194,2,2,2,5276,6194,6194,2,2,2,-,-,2,2,
Closure_34, 971,3,3,3,3,3,706,3,1264,3,-,3,706,706,3,3,3,3,706,3,3,3,3,706,3,3,3,3,3,706,706,3,3,1264,706,706,3,3,3,-,-,3,3,
Closure_35, 1,1,1,1,1,1,6212,1,3605,1,-,1,6212,6212,1,1,1,1,6212,1,1,1,1,6212,1,1,1,1,1,6212,1,1,1,3605,6212,6212,1,1,1,-,-,1,1,
Closure_36, -,-,-,-,-,-,-,-,-,-,-,-,-,-,-,-,-,-,-,-,-,-,-,-,-,-,-,-,-,-,-,-,-,-,-,-,-,-,-,-,-,-,-,
Closure_37, 1389,644,644,644,644,644,23746,644,1021,644,-,644,23746,23746,644,644,644,644,23746,644,644,644,644,-,644,644,644,644,644,23746,23745,644,644,1021,23746,23746,644,644,644,-,-,644,644,
Closure_38, 1,1,1,1,1,1,1278,1,3281,1,-,1,1278,1278,1,1,1,1,1278,1,1,1,1,1278,1,1,1,1,1,1278,1,1,1,3281,1278,1278,1,1,1,-,-,1,1,
Closure_39, 1,1,1,1,1,1,1,1,6339,1,-,1,1,1,1,1,1,1,1,1,1,1,1,17055,1,1,1,1,1,1,1,1,1,6325,1,1,1,1,1,-,-,1,1,
Closure_40, -,-,-,-,-,-,-,-,-,-,-,-,-,-,-,-,-,-,-,-,-,-,-,-,-,-,-,-,-,-,-,-,-,-,-,-,-,-,-,-,-,-,-,
Closure_41, 287,4,4,4,4,4,1200,287,2299,53,-,287,1200,1200,287,4,4,287,1200,287,287,287,287,1200,287,53,4,57,4,1200,4,287,287,2299,1200,1200,4,4,287,-,-,287,53,
Closure_42, -,-,-,-,-,-,-,-,-,-,-,-,-,-,-,-,-,-,-,-,-,-,-,-,-,-,-,-,-,-,-,-,-,-,-,-,-,-,-,-,-,-,-,
Closure_43, -,-,-,-,-,-,-,-,-,-,-,-,-,-,-,-,-,-,-,-,-,-,-,-,-,-,-,-,-,-,-,-,-,-,-,-,-,-,-,-,-,-,-,
Closure_44, 936,128,128,128,128,128,20951,128,1503,128,-,128,20951,20951,128,128,128,128,20951,128,128,128,128,20924,128,128,128,128,128,20951,20951,128,128,1503,20951,20951,128,128,128,-,-,128,128,
Closure_45, 10,10,10,10,10,10,2302,10,6091,10,-,10,2302,2302,10,10,10,10,2302,10,10,10,10,2297,10,10,10,10,10,2302,10,10,10,6091,2302,2302,10,10,10,-,-,10,10,
Closure_46, 1,1,1,13,1,1,4364,1,10079,1,-,1,4364,4364,1,1,1,1,4364,1,1,1,1,7061,1,1,9,1,13,4364,1,1,1,7790,4364,4364,1,13,1,-,1,1,1,
Closure_47, 134,115,115,1,115,115,115,134,7421,115,115,134,115,115,115,115,115,115,115,134,115,134,134,-,134,115,115,301,1,115,115,115,134,6715,115,115,115,1,134,115,134,112,115,
Closure_48, -,-,-,-,-,-,-,-,-,-,-,-,-,-,-,-,-,-,-,-,-,-,-,-,-,-,-,-,-,-,-,-,-,-,-,-,-,-,-,-,-,-,-,
Closure_49, 339,664,663,952,664,664,12576,77,3151,650,-,77,12576,12576,625,664,664,392,12576,323,392,297,339,12201,77,633,804,310,952,12576,750,625,77,3151,12576,12576,664,952,77,-,339,82,633,
Closure_50, 1,1,1,1,1,1,1,1,10327,1,1,1,1,1,1,1,1,1,1,1,1,1,1,1013,1,1,1,1,1,1,1,1,1,6991,1,1,1,1,1,1,1,1,1,
Closure_51, 599,25,25,25,25,25,1499,25,3116,25,-,25,1499,1499,25,25,25,25,1499,25,25,25,25,1499,25,25,25,25,25,1499,1500,25,25,3116,1499,1499,25,25,25,-,-,25,25,
Closure_52, 5,5,5,5,5,5,12563,5,9460,5,-,5,12563,12563,5,5,5,5,12563,5,5,5,5,15250,5,5,5,5,5,12563,5,5,5,9353,12563,12563,5,5,5,-,-,5,5,
Closure_53, -,-,-,-,-,-,-,-,-,-,-,-,-,-,-,-,-,-,-,-,-,-,-,-,-,-,-,-,-,-,-,-,-,-,-,-,-,-,-,-,-,-,-,
Closure_54, 3735,3414,3236,3414,3414,3414,14540,1987,292,3259,-,1987,14540,14540,3272,3414,3414,1987,14540,2400,1987,2356,3272,14513,1987,3196,3414,3204,3414,14540,14735,3272,1987,292,14540,14540,3414,3414,1987,-,-,1987,3196,
Closure_55, 26,26,26,26,26,26,11649,26,11500,26,-,26,11649,11649,26,26,26,26,11649,26,26,26,26,-,26,26,26,26,26,11649,26,26,26,10638,11649,11649,26,26,26,-,-,26,26,
Closure_56, 1,6,6,6,6,6,2133,1,9236,6,-,1,2133,2133,6,6,6,6,2133,1,6,1,1,-,1,6,6,1,6,2133,6,6,1,8684,2133,2133,6,6,1,-,-,6,6,
Closure_57, 2,2,2,2,2,2,8648,2,11718,2,-,2,8648,8648,2,2,2,2,8648,2,2,2,2,-,2,2,2,2,2,8648,2,2,2,9999,8648,8648,2,2,2,-,-,2,2,
Closure_58, 1,1,1,1,1,1,1,1,6787,1,-,1,1,1,1,1,1,1,1,1,1,1,1,2990,1,1,1,1,1,1,1,1,1,6764,1,1,1,1,1,-,-,1,1,
Closure_59, 65,65,65,65,65,65,1365,65,606,65,-,65,1365,1365,65,65,65,65,1365,65,65,65,65,1365,65,65,65,65,65,1365,65,65,65,606,1365,1365,65,65,65,-,-,65,65,
Closure_60, 1,6,6,6,6,6,1874,1,5427,4,-,1,1874,1874,1,6,6,1,1874,1,1,1,1,1871,1,4,6,4,6,1874,6,1,1,5427,1874,1874,6,6,1,-,-,1,4,
Closure_61, 76,87,87,87,87,87,428,76,3713,82,-,76,428,428,76,87,87,76,428,76,76,76,76,426,76,79,87,112,87,428,89,76,76,3713,428,428,87,87,76,-,-,76,79,
Closure_62, 1,1,1,1,1,1,1,1,9490,1,1,1,1,1,1,1,1,1,1,1,1,1,1,4321,1,1,1,1,1,1,1,1,1,7240,1,1,1,1,1,-,-,1,1,
Closure_63, 1,1,1,1,1,1,1,1,9485,1,1,1,1,1,1,1,1,1,1,1,1,1,1,4322,1,1,1,1,1,1,1,1,1,7240,1,1,1,1,1,-,-,1,1,
Closure_64, 683,683,683,683,683,683,17950,683,1254,683,-,683,17950,17950,683,683,683,683,17950,683,683,683,683,-,683,683,683,683,683,17950,683,683,683,1254,17950,17950,683,683,683,-,-,683,683,
Closure_65, 1,1,1,1,1,1,1,1,3938,1,1,1,1,1,1,1,1,1,1,1,1,1,1,546,1,1,1,1,1,1,1,1,1,3938,1,1,1,1,1,1,1,1,1,
Closure_66, 28,35,34,35,35,35,1000,28,2315,28,-,28,1000,1000,28,35,35,28,1000,28,28,28,28,1000,28,28,35,28,35,1000,64,28,28,2315,1000,1000,35,35,28,-,-,28,28,
Closure_67, -,-,-,-,-,-,-,-,-,-,-,-,-,-,-,-,-,-,-,-,-,-,-,-,-,-,-,-,-,-,-,-,-,-,-,-,-,-,-,-,-,-,-,
Closure_68, 2,2,2,2,2,2,2,2,1346,2,2,2,2,2,2,2,2,2,2,2,2,2,2,615,2,2,2,2,2,2,2,2,2,1346,2,2,2,2,2,-,-,2,2,
Closure_69, 1,254,252,254,254,254,3318,1,3541,109,-,1,3318,3318,1,254,254,1,3318,1,1,1,1,3318,1,106,254,326,254,3318,3568,1,1,3541,3318,3318,254,254,1,-,-,1,106,
Closure_70, -,-,-,-,-,-,-,-,-,-,-,-,-,-,-,-,-,-,-,-,-,-,-,-,-,-,-,-,-,-,-,-,-,-,-,-,-,-,-,-,-,-,-,
Closure_71, 1,2,2,2,2,2,2,1,8050,2,-,1,2,2,2,2,2,2,2,1,2,1,1,939,1,2,2,2,2,2,2,2,1,7406,2,2,2,2,1,-,-,2,2,
Closure_72, 165,165,165,165,165,165,18227,165,5705,165,-,165,18227,18227,165,165,165,165,18227,165,165,165,165,-,165,165,165,165,165,18227,165,165,165,5705,18227,18227,165,165,165,-,-,165,165,
Closure_73, 7,7,7,7,7,7,461,7,3945,7,-,7,461,461,7,7,7,7,461,7,7,7,7,461,7,7,7,7,7,461,7,7,7,3945,461,461,7,7,7,-,-,7,7,
Closure_74, 1,1,1,1,1,1,1,1,9365,1,1,1,1,1,1,1,1,1,1,1,1,1,1,446,1,1,1,4,1,1,1,1,1,5882,1,1,1,1,1,1,1,1,1,
Closure_75, 1,1,1,1,1,1,1,1,10992,1,1,1,1,1,1,1,1,1,1,1,1,1,1,979,1,1,1,1,1,1,1,1,1,5967,1,1,1,1,1,1,1,1,1,
Closure_76, 9,7,7,6,7,7,7,9,8914,8,7,9,7,7,8,7,7,8,7,9,8,9,9,5235,9,8,7,1,6,7,7,8,9,6208,7,7,7,6,9,7,7,12,8,
Closure_77, 7,7,7,7,7,7,431,7,3775,7,-,7,431,431,7,7,7,7,431,7,7,7,7,431,7,7,7,7,7,431,7,7,7,3775,431,431,7,7,7,-,-,7,7,
Closure_78, 1,1,1,1,1,1,1,1,10379,1,1,1,1,1,1,1,1,1,1,1,1,1,1,625,1,1,1,1,1,1,1,1,1,5931,1,1,1,1,1,1,1,1,1,
Closure_79, -,-,-,-,-,-,-,-,-,-,-,-,-,-,-,-,-,-,-,-,-,-,-,-,-,-,-,-,-,-,-,-,-,-,-,-,-,-,-,-,-,-,-,
Closure_80, -,-,-,-,-,-,-,-,-,-,-,-,-,-,-,-,-,-,-,-,-,-,-,-,-,-,-,-,-,-,-,-,-,-,-,-,-,-,-,-,-,-,-,
Closure_81, -,-,-,-,-,-,-,-,-,-,-,-,-,-,-,-,-,-,-,-,-,-,-,-,-,-,-,-,-,-,-,-,-,-,-,-,-,-,-,-,-,-,-,
Closure_82, 381,1117,-,1117,1117,1117,7167,1117,-,-,-,1117,-,7167,-,1117,1117,1117,7167,1117,-,-,-,-,1117,1117,1117,1117,1117,7167,7167,7167,1117,-,7167,7167,1117,1117,1117,-,-,1117,1117,
Closure_83, -,-,-,-,-,-,-,-,-,-,-,-,-,-,-,-,-,-,-,-,-,-,-,-,-,-,-,-,-,-,-,-,-,-,-,-,-,-,-,-,-,-,-,
Closure_84, -,-,-,-,-,-,-,-,-,-,-,-,-,-,-,-,-,-,-,-,-,-,-,-,-,-,-,-,-,-,-,-,-,-,-,-,-,-,-,-,-,-,-,
Closure_85, -,-,-,-,-,-,-,-,-,-,-,-,-,-,-,-,-,-,-,-,-,-,-,-,-,-,-,-,-,-,-,-,-,-,-,-,-,-,-,-,-,-,-,
Closure_86, -,-,-,-,-,-,-,-,-,-,-,-,-,-,-,-,-,-,-,-,-,-,-,-,-,-,-,-,-,-,-,-,-,-,-,-,-,-,-,-,-,-,-,
Closure_87, -,-,-,-,-,-,-,-,-,-,-,-,-,-,-,-,-,-,-,-,-,-,-,-,-,-,-,-,-,-,-,-,-,-,-,-,-,-,-,-,-,-,-,
Closure_88, -,-,-,-,-,-,-,-,-,-,-,-,-,-,-,-,-,-,-,-,-,-,-,-,-,-,-,-,-,-,-,-,-,-,-,-,-,-,-,-,-,-,-,
Closure_89, -,-,-,-,-,-,-,-,-,-,-,-,-,-,-,-,-,-,-,-,-,-,-,-,-,-,-,-,-,-,-,-,-,-,-,-,-,-,-,-,-,-,-,
Closure_90, 1090,-,-,-,-,-,672,-,-,-,-,-,-,672,-,-,-,-,672,-,-,-,-,230,-,-,-,-,-,672,697,699,-,-,672,672,-,-,-,-,-,-,-,
Closure_91, -,-,-,-,-,-,-,-,-,-,-,-,-,-,-,-,-,-,-,-,-,-,-,-,-,-,-,-,-,-,-,-,-,-,-,-,-,-,-,-,-,-,-,
Closure_92, -,-,-,-,-,-,-,-,-,-,-,-,-,-,-,-,-,-,-,-,-,-,-,-,-,-,-,-,-,-,-,-,-,-,-,-,-,-,-,-,-,-,-,
Closure_93, -,-,-,-,-,-,-,-,-,-,-,-,-,-,-,-,-,-,-,-,-,-,-,-,-,-,-,-,-,-,-,-,-,-,-,-,-,-,-,-,-,-,-,
Closure_94, -,-,-,-,-,-,-,-,-,-,-,-,-,-,-,-,-,-,-,-,-,-,-,-,-,-,-,-,-,-,-,-,-,-,-,-,-,-,-,-,-,-,-,
Closure_95, -,-,-,-,-,-,-,-,-,-,-,-,-,-,-,-,-,-,-,-,-,-,-,-,-,-,-,-,-,-,-,-,-,-,-,-,-,-,-,-,-,-,-,
Closure_96, -,-,-,-,-,-,-,-,-,-,-,-,-,-,-,-,-,-,-,-,-,-,-,-,-,-,-,-,-,-,-,-,-,-,-,-,-,-,-,-,-,-,-,
Closure_97, -,-,-,-,-,-,-,-,-,-,-,-,-,-,-,-,-,-,-,-,-,-,-,-,-,-,-,-,-,-,-,-,-,-,-,-,-,-,-,-,-,-,-,
Closure_98, -,-,-,-,-,-,-,-,-,-,-,-,-,-,-,-,-,-,-,-,-,-,-,-,-,-,-,-,-,-,-,-,-,-,-,-,-,-,-,-,-,-,-,
Closure_99, -,-,-,-,-,-,-,-,-,-,-,-,-,-,-,-,-,-,-,-,-,-,-,-,-,-,-,-,-,-,-,-,-,-,-,-,-,-,-,-,-,-,-,
Closure_100, -,-,-,-,-,-,-,-,-,-,-,-,-,-,-,-,-,-,-,-,-,-,-,-,-,-,-,-,-,-,-,-,-,-,-,-,-,-,-,-,-,-,-,
Closure_101, -,-,-,-,-,-,-,-,-,-,-,-,-,-,-,-,-,-,-,-,-,-,-,-,-,-,-,-,-,-,-,-,-,-,-,-,-,-,-,-,-,-,-,
Closure_102, -,-,-,-,-,-,-,-,-,-,-,-,-,-,-,-,-,-,-,-,-,-,-,-,-,-,-,-,-,-,-,-,-,-,-,-,-,-,-,-,-,-,-,
Closure_103, -,-,-,-,-,-,-,-,-,-,-,-,-,-,-,-,-,-,-,-,-,-,-,-,-,-,-,-,-,-,-,-,-,-,-,-,-,-,-,-,-,-,-,
Closure_104, -,-,-,-,-,-,-,-,-,-,-,-,-,-,-,-,-,-,-,-,-,-,-,-,-,-,-,-,-,-,-,-,-,-,-,-,-,-,-,-,-,-,-,
Closure_105, -,-,-,-,-,-,-,-,-,-,-,-,-,-,-,-,-,-,-,-,-,-,-,-,-,-,-,-,-,-,-,-,-,-,-,-,-,-,-,-,-,-,-,
Closure_106, -,-,-,-,-,-,-,-,-,-,-,-,-,-,-,-,-,-,-,-,-,-,-,-,-,-,-,-,-,-,-,-,-,-,-,-,-,-,-,-,-,-,-,
Closure_107, 6464,3152,2052,48,3152,3152,172,4387,-,548,-,4387,172,172,275,3152,3152,1500,172,4310,1500,1584,3054,438,4387,1857,313,1129,48,172,1202,275,4387,-,172,172,3152,48,4387,172,3640,784,1857,
Closure_108, -,-,-,-,-,-,-,-,-,-,-,-,-,-,-,-,-,-,-,-,-,-,-,-,-,-,-,-,-,-,-,-,-,-,-,-,-,-,-,-,-,-,-,
Closure_109, 9,9,9,9,9,9,18281,9,9752,9,-,9,18281,18281,9,9,9,9,18281,9,9,9,9,-,9,9,9,9,9,18281,9,9,9,9740,18281,18281,9,9,9,-,-,9,9,
Closure_110, 597,-,-,-,-,-,23198,-,1673,-,-,-,23198,23198,-,-,-,-,23198,-,-,-,-,23155,-,-,-,-,-,23198,23201,24790,-,1673,23198,23198,-,-,-,-,-,-,-,
Closure_111, -,-,-,-,-,-,-,-,-,-,-,-,-,-,-,-,-,-,-,-,-,-,-,-,-,-,-,-,-,-,-,-,-,-,-,-,-,-,-,-,-,-,-,
Closure_112, 50,98,98,98,98,98,17917,50,4355,82,-,50,17917,17917,50,98,98,50,17917,50,50,50,50,22956,50,75,98,75,98,17917,98,50,50,4355,17917,17917,98,98,50,-,-,50,75,
Closure_113, 6,6,6,6,6,6,1317,6,13272,6,-,6,1317,1317,6,6,6,6,1317,6,6,6,6,1317,6,6,6,6,6,1317,6,6,6,11533,1317,1317,6,6,6,-,-,6,6,
Closure_114, -,-,-,-,-,-,-,-,-,-,-,-,-,-,-,-,-,-,-,-,-,-,-,-,-,-,-,-,-,-,-,-,-,-,-,-,-,-,-,-,-,-,-,
Closure_115, 1,1,1,1,1,1,1,1,8032,1,1,1,1,1,1,1,1,1,1,1,1,1,1,2771,1,1,1,380,1,1,1,1,1,8021,1,1,1,1,1,1,1,1,1,
Closure_116, 1,4,4,8,4,4,2772,1,8015,4,-,1,2772,2772,3,4,4,3,2772,1,3,1,1,2766,1,4,8,2079,8,2772,4,3,1,7990,2772,2772,4,8,1,-,1,1,4,
Closure_117, 2,2,2,2,2,2,3988,2,5794,2,-,2,3988,3988,2,2,2,2,3988,2,2,2,2,3988,2,2,2,2,2,3988,2,2,2,5794,3988,3988,2,2,2,-,-,2,2,
Closure_118, -,-,-,-,-,-,-,-,-,-,-,-,-,-,-,-,-,-,-,-,-,-,-,-,-,-,-,-,-,-,-,-,-,-,-,-,-,-,-,-,-,-,-,
Closure_119, -,-,-,-,-,-,-,-,-,-,-,-,-,-,-,-,-,-,-,-,-,-,-,-,-,-,-,-,-,-,-,-,-,-,-,-,-,-,-,-,-,-,-,
Closure_120, -,-,-,-,-,-,-,-,-,-,-,-,-,-,-,-,-,-,-,-,-,-,-,-,-,-,-,-,-,-,-,-,-,-,-,-,-,-,-,-,-,-,-,
Closure_121, -,-,-,-,-,-,-,-,-,-,-,-,-,-,-,-,-,-,-,-,-,-,-,-,-,-,-,-,-,-,-,-,-,-,-,-,-,-,-,-,-,-,-,
Closure_122, 1,1,1,1,1,1,4439,1,11795,1,-,1,4439,4439,1,1,1,1,4439,1,1,1,1,4439,1,1,1,1,1,4439,1,1,1,11264,4439,4439,1,1,1,-,-,1,1,
Closure_123, 3,3,3,3,3,3,732,3,1528,3,-,3,732,732,3,3,3,3,732,3,3,3,3,732,3,3,3,3,3,732,3,3,3,1528,732,732,3,3,3,-,-,3,3,
Closure_124, 1,1,1,1,1,1,1763,1,13662,1,-,1,1763,1763,1,1,1,1,1763,1,1,1,1,1763,1,1,1,1,1,1763,1,1,1,10624,1763,1763,1,1,1,-,-,1,1,
Closure_125, 142,142,142,142,142,142,7502,142,4950,142,-,142,7502,7502,142,142,142,142,7502,142,142,142,142,7502,142,142,142,142,142,7502,7577,142,142,4950,7502,7502,142,142,142,-,-,142,142,
Closure_126, 1,1,1,1,1,1,1,1,10198,1,1,1,1,1,1,1,1,1,1,1,1,1,1,6517,1,1,1,1,1,1,1,1,1,8337,1,1,1,1,1,1,1,1,1,
Closure_127, -,-,-,-,-,-,-,-,-,-,-,-,-,-,-,-,-,-,-,-,-,-,-,-,-,-,-,-,-,-,-,-,-,-,-,-,-,-,-,-,-,-,-,
Closure_128, 1,1,1,1,1,1,12312,1,10758,1,-,1,12312,12312,1,1,1,1,12312,1,1,1,1,15127,1,1,1,1,1,12312,1,1,1,10648,12312,12312,1,1,1,-,-,1,1,
Closure_129, -,-,-,-,-,-,-,-,-,-,-,-,-,-,-,-,-,-,-,-,-,-,-,-,-,-,-,-,-,-,-,-,-,-,-,-,-,-,-,-,-,-,-,
Closure_130, 20,20,20,20,20,20,5717,20,5739,20,-,20,5717,5717,20,20,20,20,5717,20,20,20,20,5715,20,20,20,20,20,5717,20,20,20,5739,5717,5717,20,20,20,-,-,20,20,
Closure_131, 10,11,11,11,11,11,11,10,4652,12,-,10,11,11,10,11,11,10,11,10,10,10,10,-,10,12,11,12,11,11,11,10,10,4652,11,11,11,11,10,-,-,10,12,
Closure_132, 4,4,4,4,4,4,468,4,10844,4,-,4,468,468,4,4,4,4,468,4,4,4,4,465,4,4,4,4,4,468,4,4,4,9906,468,468,4,4,4,-,-,4,4,
Closure_133, 462,94,94,94,94,94,23527,94,3297,94,-,94,23527,23527,94,94,94,94,23527,94,94,94,94,-,94,94,94,94,94,23527,23521,94,94,3297,23527,23527,94,94,94,-,-,94,94,
Mockito_1, -,-,-,-,-,-,-,-,-,-,-,-,-,-,-,-,-,-,-,-,-,-,-,-,-,-,-,-,-,-,-,-,-,-,-,-,-,-,-,-,-,-,-,
Mockito_2, -,-,-,-,-,-,-,-,-,-,-,-,-,-,-,-,-,-,-,-,-,-,-,-,-,-,-,-,-,-,-,-,-,-,-,-,-,-,-,-,-,-,-,
Mockito_3, -,-,-,-,-,-,-,-,-,-,-,-,-,-,-,-,-,-,-,-,-,-,-,-,-,-,-,-,-,-,-,-,-,-,-,-,-,-,-,-,-,-,-,
Mockito_4, 2,2,2,2,2,2,2,2,1086,2,2,2,2,2,2,2,2,2,2,2,2,2,2,-,2,2,2,2,2,2,2,2,2,810,2,2,2,2,2,2,2,2,2,
Mockito_5, -,-,-,-,-,-,-,-,-,-,-,-,-,-,-,-,-,-,-,-,-,-,-,-,-,-,-,-,-,-,-,-,-,-,-,-,-,-,-,-,-,-,-,
Mockito_6, -,-,-,-,-,-,41,-,1075,-,-,-,41,41,-,-,-,-,41,-,-,-,-,41,-,-,-,-,-,41,41,-,-,1075,41,41,-,-,-,-,-,-,-,
Mockito_7, -,-,-,-,-,-,-,-,-,-,-,-,-,-,-,-,-,-,-,-,-,-,-,-,-,-,-,-,-,-,-,-,-,-,-,-,-,-,-,-,-,-,-,
Mockito_8, 16,16,16,16,16,16,476,16,712,16,-,16,476,476,16,16,16,16,476,16,16,16,16,476,16,16,16,16,16,476,16,16,16,712,476,476,16,16,16,-,-,16,16,
Mockito_9, -,-,-,-,-,-,660,-,1196,-,-,-,660,660,-,-,-,-,660,-,-,-,-,660,-,-,-,-,-,660,660,-,-,1196,660,660,-,-,-,-,-,-,-,
Mockito_10, 10,10,10,10,10,10,315,10,950,10,-,10,315,315,10,10,10,10,315,10,10,10,10,308,10,10,10,10,10,315,10,10,10,931,315,315,10,10,10,-,-,10,10,
Mockito_11, -,-,-,-,-,-,-,-,-,-,-,-,-,-,-,-,-,-,-,-,-,-,-,-,-,-,-,-,-,-,-,-,-,-,-,-,-,-,-,-,-,-,-,
Mockito_12, 1,1,1,1,1,1,1,1,721,1,1,1,1,1,1,1,1,1,1,1,1,1,1,-,1,1,1,61,1,1,1,1,1,658,1,1,1,1,1,1,1,1,1,
Mockito_13, 30,30,30,30,30,30,1391,30,160,30,-,30,1391,1391,30,30,30,30,1391,30,30,30,30,1390,30,30,30,30,30,1391,1392,30,30,160,1391,1391,30,30,30,-,-,30,30,
Mockito_14, 100,100,100,100,100,100,155,100,160,100,-,100,155,155,100,100,100,100,155,100,100,100,100,153,100,100,100,100,100,155,164,100,100,160,155,155,100,100,100,-,-,100,100,
Mockito_15, 6,6,6,6,6,6,1180,6,958,6,-,6,1180,1180,6,6,6,6,1180,6,6,6,6,-,6,6,6,6,6,1180,6,6,6,955,1180,1180,6,6,6,-,-,6,6,
Mockito_16, 5,5,5,5,5,5,396,5,68,5,-,5,396,396,5,5,5,5,396,5,5,5,5,1073,5,5,5,5,5,396,5,5,5,68,396,396,5,5,5,-,-,5,5,
Mockito_17, 4,4,4,4,4,4,1043,4,68,4,-,4,1043,1043,4,4,4,4,1043,4,4,4,4,1088,4,4,4,4,4,1043,4,4,4,68,1043,1043,4,4,4,-,-,4,4,
Mockito_18, -,-,-,-,-,-,-,-,-,-,-,-,-,-,-,-,-,-,-,-,-,-,-,-,-,-,-,-,-,-,-,-,-,-,-,-,-,-,-,-,-,-,-,
Mockito_19, -,-,-,-,-,-,-,-,-,-,-,-,-,-,-,-,-,-,-,-,-,-,-,-,-,-,-,-,-,-,-,-,-,-,-,-,-,-,-,-,-,-,-,
Mockito_20, -,-,-,-,-,-,-,-,-,-,-,-,-,-,-,-,-,-,-,-,-,-,-,-,-,-,-,-,-,-,-,-,-,-,-,-,-,-,-,-,-,-,-,
Mockito_21, -,-,-,-,-,-,-,-,-,-,-,-,-,-,-,-,-,-,-,-,-,-,-,-,-,-,-,-,-,-,-,-,-,-,-,-,-,-,-,-,-,-,-,
Mockito_22, 639,-,-,-,-,-,1116,-,629,-,-,-,1116,1116,-,-,-,-,1116,-,-,-,-,1089,-,-,-,-,-,1116,1142,1292,-,629,1116,1116,-,-,-,-,-,-,-,
Mockito_23, 81,26,26,26,26,26,414,206,889,27,-,206,414,414,72,26,26,206,414,206,-,79,79,-,206,27,26,27,26,414,26,72,206,895,414,414,26,26,206,-,-,206,27,
Mockito_24, 474,-,-,-,-,-,157,-,416,-,-,-,157,157,-,-,-,-,157,-,-,-,-,156,-,-,-,-,-,157,185,359,-,416,157,157,-,-,-,-,-,-,-,
Mockito_25, 2,2,2,3,2,2,2,2,786,2,2,2,2,2,2,2,2,2,2,2,2,2,2,-,2,2,2,6,3,2,2,2,2,590,2,2,2,3,2,2,2,2,2,
Mockito_26, -,-,-,-,-,-,-,-,-,-,-,-,-,-,-,-,-,-,-,-,-,-,-,-,-,-,-,-,-,-,-,-,-,-,-,-,-,-,-,-,-,-,-,
Mockito_27, 21,21,21,21,21,21,21,21,913,21,21,21,21,21,21,21,21,21,21,21,21,21,21,-,21,21,21,21,21,21,21,21,21,704,21,21,21,21,21,21,21,21,21,
Mockito_28, 38,38,38,38,38,38,1252,38,932,38,-,38,1252,1252,38,38,38,38,1252,38,38,38,38,-,38,38,38,38,38,1252,38,38,38,923,1252,1252,38,38,38,-,-,38,38,
Mockito_29, 5,5,5,5,5,5,441,5,1089,5,-,5,441,441,5,5,5,5,441,5,5,5,5,705,5,5,5,5,5,441,5,5,5,880,441,441,5,5,5,-,-,5,5,
Mockito_30, 1,1,1,1,1,1,798,1,1078,1,-,1,798,798,1,1,1,1,798,1,1,1,1,-,1,1,1,1,1,798,1,1,1,939,798,798,1,1,1,-,-,1,1,
Mockito_31, -,-,-,-,-,-,-,-,-,-,-,-,-,-,-,-,-,-,-,-,-,-,-,-,-,-,-,-,-,-,-,-,-,-,-,-,-,-,-,-,-,-,-,
Mockito_32, 1,1,1,1,1,1,540,1,38,1,-,1,540,540,1,1,1,1,540,1,1,1,1,540,1,1,1,1,1,540,1,1,1,38,540,540,1,1,1,-,-,1,1,
Mockito_33, 23,144,111,145,144,144,1891,23,240,61,-,23,1891,1891,31,144,144,25,1891,23,25,23,23,-,23,53,145,53,145,1891,1890,31,23,240,1891,1891,144,145,23,-,-,25,53,
Mockito_34, 13,35,35,35,35,35,1410,13,236,35,-,13,1410,1410,13,35,35,13,1410,13,13,13,13,1452,13,31,35,31,35,1410,1302,13,13,236,1410,1410,35,35,13,-,-,13,31,
Mockito_35, 59,1,1,1,1,1,1,260,772,1,-,260,1,1,18,1,1,260,1,260,-,65,57,-,260,1,1,2,1,1,1,18,260,713,1,1,1,1,260,-,-,259,1,
Mockito_36, 1,4,4,4,4,4,1053,1,645,4,-,1,1053,1053,1,4,4,1,1053,1,1,1,1,-,1,4,4,4,4,1053,4,1,1,636,1053,1053,4,4,1,-,-,1,4,
Mockito_37, 1,2,2,2,2,2,812,1,325,2,-,1,812,812,1,2,2,1,812,1,1,1,1,811,1,2,2,2,2,812,812,1,1,325,812,812,2,2,1,-,-,1,2,
Mockito_38, 1,1,1,1,1,1,960,1,600,1,-,1,960,960,1,1,1,1,960,1,1,1,1,-,1,1,1,1,1,960,1,1,1,597,960,960,1,1,1,-,-,1,1,
Time_1, 619,16,14,52,16,16,1602,232,-,27,-,232,1602,1602,74,16,16,114,1602,228,-,62,89,1563,232,48,26,54,52,1602,13,74,232,-,1602,1602,16,52,232,-,57,54,48,
Time_2, 609,13,10,50,13,13,1078,226,1433,21,-,226,1078,1078,67,13,13,109,1078,220,-,60,87,1039,226,32,20,38,50,1078,10,67,226,1416,1078,1078,13,50,226,-,50,45,32,
Time_3, 68,1,1,14,1,1,243,190,1252,1,-,190,243,243,3,1,1,32,243,145,-,8,33,806,190,1,1,30,14,243,1,3,190,1152,243,243,1,14,190,-,11,20,1,
Time_4, 624,17,14,53,17,17,1098,232,1426,25,-,232,1098,1098,71,17,17,113,1098,224,-,64,95,1056,232,36,24,40,53,1098,14,71,232,1407,1098,1098,17,53,232,-,53,49,36,
Time_5, 292,2,2,20,2,2,3859,85,1305,2,-,85,3859,3859,16,2,2,47,3859,67,-,9,34,4368,85,2,2,23,20,3859,2,16,85,1209,3859,3859,2,20,85,-,5,21,2,
Time_6, 398,81,99,59,81,81,58,173,1115,84,-,173,58,58,64,81,81,89,58,172,-,65,65,3642,173,85,76,106,59,58,97,64,173,1111,58,58,81,59,173,-,68,94,85,
Time_7, 366,9,9,120,9,9,1282,174,1389,29,-,174,1282,1282,107,9,9,172,1282,158,-,131,39,1224,174,48,47,58,120,1282,9,107,174,1335,1282,1282,9,120,174,-,14,56,48,
Time_8, 599,1,1,1,1,1,1,192,1502,1,-,192,1,1,1,1,1,1,1,183,1,8,62,1938,192,1,1,20,1,1,1,1,192,1446,1,1,1,1,192,1,4,1,1,
Time_9, 599,1,1,1,1,1,1,192,1485,1,-,192,1,1,1,1,1,1,1,183,1,8,62,1952,192,1,1,20,1,1,1,1,192,1446,1,1,1,1,192,1,4,1,1,
Time_10, 363,2,2,100,2,2,2558,119,1428,26,-,119,2558,2558,99,2,2,139,2558,109,-,60,27,2465,119,12,26,42,100,2558,2,99,119,1388,2558,2558,2,100,119,-,5,46,12,
Time_11, -,-,-,-,-,-,-,-,-,-,-,-,-,-,-,-,-,-,-,-,-,-,-,-,-,-,-,-,-,-,-,-,-,-,-,-,-,-,-,-,-,-,-,
Time_12, 469,27,27,1,27,27,1,266,-,2,-,266,1,1,1,27,27,20,1,265,-,12,113,1643,266,5,2,20,1,1,27,1,266,-,1,1,27,1,266,1,101,20,5,
Time_13, -,-,-,-,-,-,-,-,-,-,-,-,-,-,-,-,-,-,-,-,-,-,-,-,-,-,-,-,-,-,-,-,-,-,-,-,-,-,-,-,-,-,-,
Time_14, 57,4,4,17,4,4,1761,78,1126,4,-,78,1761,1761,4,4,4,23,1761,39,-,3,20,1721,78,4,4,25,17,1761,4,4,78,1022,1761,1761,4,17,78,-,4,23,4,
Time_15, 593,1,1,1,1,1,1,189,1294,1,-,189,1,1,1,1,1,1,1,179,1,1,59,3496,189,1,1,20,1,1,1,1,189,1277,1,1,1,1,189,1,4,1,1,
Time_16, 21,1,1,14,1,1,314,159,1159,1,-,159,314,314,1,1,1,20,314,57,-,1,18,880,159,1,1,31,14,314,1,1,159,1048,314,314,1,14,159,-,2,20,1,
Time_17, 608,4,4,14,4,4,314,235,-,4,-,235,314,314,15,4,4,46,314,235,-,14,70,-,235,5,4,28,14,314,4,15,235,-,314,314,4,14,235,-,35,24,5,
Time_18, 748,89,85,142,89,89,1429,272,1427,143,-,272,1429,1429,169,89,89,217,1429,271,-,162,135,1389,272,169,137,169,142,1429,84,169,272,1386,1429,1429,89,142,272,-,-,181,169,
Time_19, 194,627,-,641,627,627,4445,162,160,-,-,162,4445,4445,-,627,627,321,4445,161,-,-,-,4340,162,449,637,449,641,4445,4832,4894,162,160,4445,4445,627,641,162,-,-,447,449,
Time_20, -,-,-,-,-,-,-,-,-,-,-,-,-,-,-,-,-,-,-,-,-,-,-,-,-,-,-,-,-,-,-,-,-,-,-,-,-,-,-,-,-,-,-,
Time_21, 290,1,1,4,1,1,4,98,1293,1,-,98,4,4,4,1,1,23,4,70,-,11,31,3038,98,1,1,20,4,4,1,4,98,1204,4,4,1,4,98,-,3,23,1,
Time_22, -,-,-,-,-,-,-,-,-,-,-,-,-,-,-,-,-,-,-,-,-,-,-,-,-,-,-,-,-,-,-,-,-,-,-,-,-,-,-,-,-,-,-,
Time_23, 714,73,73,77,73,73,86,441,-,83,-,441,86,86,110,73,73,313,86,441,-,85,237,72,441,145,62,145,77,86,57,110,441,-,86,86,73,77,441,-,211,151,145,
Time_24, 3,108,108,227,108,108,2717,91,373,110,-,91,2717,2717,92,108,108,111,2717,33,-,189,1,2658,91,111,132,144,227,2717,108,92,91,373,2717,2717,108,227,91,-,1,114,111,
Time_25, 88,216,201,195,216,216,5225,98,120,258,-,98,5225,5225,160,216,216,127,5225,61,-,212,84,5042,98,159,214,172,195,5225,160,160,98,120,5225,5225,216,195,98,-,107,146,159,
Time_26, -,-,-,-,-,-,-,-,-,-,-,-,-,-,-,-,-,-,-,-,-,-,-,-,-,-,-,-,-,-,-,-,-,-,-,-,-,-,-,-,-,-,-,
Time_27, 997,279,203,204,279,279,843,577,1176,250,-,577,843,843,265,279,279,464,843,577,-,216,341,752,577,334,201,334,204,843,192,265,577,1173,843,843,279,204,577,-,408,362,334,
